customer_cluster,total_customers,avg_orders,avg_revenue,avg_profit,avg_loyalty,avg_rating,avg_session_duration,avg_pages_visited,avg_days_since_last_order,coupon_usage_rate,abandoned_cart_rate,support_ticket_rate,churn_rate,segment_name
0,215245,1.0259796975539501,969.8498398104487,404.5882014913239,49.926060225944084,2.9977452050763858,30.469271527793907,10.500003871557219,362.79471300146344,0.4998691413660402,0.5005002051925326,0.49985984962871766,0.8742967316313968,VIP Loyal Customers
1,776700,1.0033294708381615,250.45774202394745,95.09620889661389,49.98828567443457,3.000273164241878,30.523822153555642,10.507824127719841,365.31802755246554,0.5000045062443672,0.5004242307197116,0.4997950731728252,0.8761722672846659,High Churn Risk Customers
