Model,Accuracy,Precision,Recall,F1 Score,ROC AUC
Logistic Regression,0.9962699544833635,1.0,0.9957408110877047,0.9978658606926147,0.9999993940057817
Random Forest,1.0,1.0,1.0,1.0,1.0
XGBoost,0.9986339968445831,1.0,0.9984402159523892,0.9992194992699006,0.9999833266353808
